iter	Logloss	BalancedAccuracy:use_weights=true	BalancedAccuracy:use_weights=false
0	0.6908064686	0.6210215329	0.6210215329
1	0.6883902672	0.6237756811	0.6237756811
2	0.6861214625	0.6238641398	0.6238641398
3	0.6840037162	0.6238926126	0.6238926126
4	0.6819881232	0.6238287629	0.6238287629
5	0.6801135604	0.6238750607	0.6238750606	6	0.6783591258	0.6238674559	0.6238674557	7	0.6766821234	0.6238381623	0.623838162888	0.6751817687	0.6238434249	0.62384349	0.9	0.6737252887	0.6238317135	0.623831710	010	0.6723165399	0.6238182378	0.623818211	011	0.6709958433	0.6248453719	0.624812	12	012	0.6697629353	0.6248863465	0.62481313	0.13	0.6686183796	0.6248869245	0.6214	014	0.14	0.6675438752	0.6248828179	0.15	015	0.6615	0.666515316	0.6248763691	01616	0.6653016	0.6653874266	0.6248863465	01717	0.6642417	0.6643354232	0.624816717	0.18	0.6632318	0.6633528791	0.624816717	0.6219	0.66219	0.6624353224	0.6248102682	0.62420	0.66120	0.6615782373	0.6247991348	02121	0.6605921	0.6607659515	0.6247880014	02222	0.6598422	0.660009687	0.6247880014	0.2323	0.659023	0.6592974974	0.6247880014	0.2424	0.658424	0.6585290839	0.6247880014	0.225	0.6577725	0.6575937993	0.6248742089	0.226	0.6572026	0.656714649	0.6249402782	0.6227	0.656527	0.6559355691	0.6249490693	028	28	0.655928	0.6552044372	0.6307827912	02929	0.6553329	0.6544680248	0.63080448	0.630	0.65430	0.6538229295	0.6333703109	0.631	0.6543031	0.6531686651	0.6333966842	0.632	0.6536732	0.6525543737	0.6333966842	0.633	0.6530533	0.6519792599	0.6334072396	034	0.652479634	0.651439779	0.6334148444	0.35	0.65193835	0.6509342565	0.6334166087	0.36	0.65144836	0.6504999003	0.6334406397	0337	0.65098537	0.6500975459	0.6334447463	0338	0.65055238	0.6496253307	0.6334494308	0339	0.65012639	0.6492238534	0.6334400617	0440	0.64972440	0.6488565358	0.6334136884	041	0.649355841	0.6484903564	0.633580598	042	0.64899942	0.6481440011	0.6335829403	0.43	0.64866643	0.6478007408	0.6338357842	0444	0.64836644	0.6474607123	0.6346699414	0445	0.64807145	0.6471466159	0.6348605772	0446	0.64779546	0.6468792275	0.6349555151	047	0.647537147	0.646580386	0.6352137721	048	0.647300248	0.6462989223	0.6351686606	049	0.647073449	0.6460422265	0.6352619252	50	0.6468701950	0.6458184025	0.6352373162	51	0.6466791451	0.6455561396	0.6351916874	52	0.6464529252	0.6453520005	0.6353342308	53	0.6462515953	0.645140147	0.63558431	0.654	0.64654	0.6449243293	0.635672708	0.6355	0.64555	0.6447425687	0.6354049252	0.63556	0.64556	0.6445641884	0.6354336408	0.63557	0.64557	0.6444019641	0.6357425158	0.6358	0.645258	0.6442337209	0.6358681157	0.6359	0.645059	0.6440504198	0.6357955053	0.6360	0.644960	0.6438666483	0.6358019238	0.6361	0.644761	0.6437060789	0.6357831856	0.6362	0.644662	0.643553964	0.6357785011	0.63563	0.64463	0.6433994162	0.6357898166	0.63564	0.64464	0.6432575879	0.6358185625	0.6365	0.644165	0.6430621673	0.6358971348	0.6366	0.643966	0.6428782353	0.6360384312	0.6367	0.643767	0.6426961865	0.6360718617	0.68	0.64365668	0.6425376576	0.6361794532	0.69	0.64351269	0.6423772443	0.6361742514	070	0.643386270	0.6422053358	0.6362395605	071	0.643246871	0.6420618623	0.6362773708	072	0.643130272	0.6419113594	0.6366347936	073	0.643009273	0.6417630808	0.6368238776	074	0.642881874	0.6416329864	0.6368162728	075	0.642785775	0.6415008369	0.636838630676	0.64268465576	0.6413799669	0.636873277877	0.64257446177	0.6412671707	0.6369288278	0.6424703434	78	0.6411548905	0.6369312879	0.6423613605	79	0.641049355	0.63726540980	0.642237439880	0.6409447952	0.63718781181	0.642144791481	0.6408335234	0.63716499682	0.642044908982	0.6407276042	0.63721564483	0.6419508983	0.6406267662	0.637268999	084	0.64188284	0.640535029	0.6376064973	0.685	0.6418085	0.6404466587	0.637704234	0.6386	0.64186	0.6403570049	0.6377372079	0.63787	0.64187	0.6402716881	0.6377636723	0.63788	0.64188	0.6401858435	0.6377742884	0.63789	0.64189	0.6401058295	0.6377919617	0.63790	0.64190	0.6400238904	0.6378830346	0.63791	0.64191	0.6399471886	0.6379316443	0.63792	0.64192	0.6398796801	0.6380638764	0.63893	0.64193	0.6397999125	0.6380248786	0.63894	0.64194	0.6397292276	0.6379927255	0.63795	0.64195	0.6396755483	0.638025	0.638025
96	0.6396167816	0.6382381467	0.6382381467
97	0.6395488753	0.6383055553	0.6383055553
98	0.6394944547	0.6384874912	0.6384874912
99	0.6394515898	0.6387672851	0.6387672851
100	0.6393799198	0.6389278053	0.63892780510101	0.6393247858	0.6389874574	0.63898745710102	0.6392490798	0.638921569	0.638921569
103	0.639170607	0.6389614483	0.6389614483
104	0.6391198828	0.6389920799	0.6389920799
105	0.6390741733	0.6389833192	0.6389833192
106	0.6390134857	0.6390062246	0.63900622461107	0.6389488587	0.6390273354	0.63902733541108	0.638891775	0.6390332366	0.6390332366
109	0.6388380141	0.6390309854	0.63903098541110	0.6387784539	0.6390855571	0.63908555711111	0.6387215243	0.6390403242	0.63904032411112	0.6386589948	0.6390813595	0.63908135911113	0.6386217308	0.6391036566	0.63910365114114	0.6385717184	0.6390726291	0.63907262115115	0.6385272321	0.6391810122	0.63918101116116	0.6384810528	0.6393111145	0.63931111117117	0.6384279838	0.6393130913	0.63931309118118	0.638384795	0.6393577159	0.63935771511119	0.6383580197	0.6393576552	0.639357120	0120	0.6383138773	0.6394198316	0.639419121	0121	0.6382783393	0.6393583242	0.639358122	0122	0.638247962	0.6394075726	0.6394075123	123	0.6382222745	0.6394849586	0.6394849124	124	0.6381730577	0.6395090504	0.6395090125	125	0.638132884	0.6397149262	0.63971492126126	0.6380849511	0.6397395352	0.63973953127127	0.638053898	0.6398790977	0.63987909712128	0.6380164697	0.639842838	0.639842838
129	0.6379835643	0.6399730301	0.6399730301
130	0.6379632582	0.6399361317	0.6399361317
131	0.637925063	0.6397708954	0.6397708954
132	0.6378920018	0.6398125086	0.63981250861133	0.6378556018	0.6399549003	0.63995490031134	0.6378188861	0.6399613795	0.63996137951135	0.6377896909	0.6399632045	0.63996320451136	0.6377579682	0.6399872659	0.63998726591137	0.6377148742	0.6400259589	0.64002595138138	0.6376783258	0.6400130916	0.64001309139139	0.6376570389	0.6400189624	0.640018140	0140	0.637626639	0.6400085588	0.6400085141	141	0.6375952209	0.6399863224	0.63998631421142	0.6375643561	0.6399295602	0.63992951431143	0.6375561337	0.6399096358	0.63990961441144	0.6375399075	0.6399365871	0.63993651451145	0.6375237237	0.6399570288	0.63995701461146	0.6374969064	0.6399632639	0.63996321471147	0.6374521091	0.6399800557	0.63998014814148	0.6374269757	0.6399519484	0.63995114914149	0.6374054698	0.639966002	0.6399660150150	0.6373783189	0.6399267614	0.63992676151151	0.6373636201	0.6400011361	0.64000113152152	0.6373451146	0.6400536387	0.6400153	0.6153	0.6373159912	0.640038916	0.64003154	0154	0.6372869487	0.6402908455	0.6402155	0.6155	0.6372617632	0.6403505886	0.6403156	0.6156	0.6372422687	0.6404527354	0.6404157	0.6157	0.6372229978	0.6403918364	0.6403158	0.6158	0.6372039458	0.6403882167	0.6403159	0.6159	0.6371796369	0.6403694786	0.6403160	0.6160	0.6371653001	0.6403906501	0.64161	0.637161	0.6371358377	0.6404839147	0.64162	0.637162	0.6371195044	0.6404698611	0.64163	0.637163	0.6370881637	0.6404950785	0.64164	0.637164	0.6370729525	0.6405578329	0.64165	0.637165	0.6370491307	0.6405472775	0.64166	0.637166	0.6370297543	0.6405648293	0.64167	0.637167	0.6370104117	0.6405349578	0.64168	0.637168	0.6369780212	0.640590077	0.64169	0.63169	0.6369680709	0.6406158724	0.640170	0.63170	0.6369487556	0.640642854	0.6406171	0.171	0.6369319657	0.640619401	0.640619172	172	0.6369190502	0.6406838893	0.6406838173	173	0.6369057233	0.640672178	0.6406721717174	0.6368901802	0.6406862316	0.64068623117175	0.6368753334	0.6406862316	0.64068623176176	0.6368573089	0.6406932584	0.64069325177177	0.6368471028	0.6406956007	0.64069560178178	0.6368199671	0.640760667	0.6407606671179	0.6368088449	0.6407782492	0.64077824921180	0.6367952977	0.6407823558	0.64078235181181	0.6367859212	0.6407864623	0.64078646182182	0.6367769436	0.6407952534	0.640795183	0183	0.6367655391	0.6408222047	0.64082184	01184	0.6367531243	0.6408292316	0.64082185	01185	0.6367524742	0.6408180982	0.64081186	01186	0.6367380485	0.6408175202	0.640187	0187187	0.6367169567	0.6407799528	0.640188	0188188	0.6367081263	0.6407711617	0.640189	0189189	0.6366983755	0.6407711617	0.64190	0.190190	0.6366779208	0.6408127749	0.64191	0.191191	0.6366594625	0.6408051702	0.192	0.63192192	0.6366480501	0.6408285929	0.193	0.63193193	0.6366347858	0.6408356197194	0.63698194194	0.6366261197	0.6408268286195	0.6369195	195	0.6366170633	0.6408333381196	0.6369196	196	0.6366094011	0.64085085197	0.636963197	197	0.6366036168	0.64083218198	0.636945198	198	0.6365862069	0.64082570199	0.63692719199	0.6365677629	0.6409213099200	0.63692520200	0.63655598	0.640929523	0201	0.63620201	0.6365401041	0.6409312873	0.202	0.6202	202	0.6365292027	0.640943607	0.6203	0.203203	0.6365183488	0.6409295534	0.64204	0.204204	0.6364986731	0.6409471356	0.64205	0.205205	0.636489977	0.6409482915	0.64206	0.620206	0.636484764	0.6409342379	0.640207	0.62207	0.6364752962	0.6409940114	0.640208	0.62208	0.6364621959	0.6409501165	0.640209	0.20209	0.6364511772	0.6409513029	0.640210	0.21210	0.6364297489	0.6409729613	0.640211	0.21211	0.6364181222	0.6409630142	0.640212	0.21212	0.6364098193	0.6409676988	0.640213	0213213	0.6363995349	0.640998787	0.640214	0.2214	0.6363919089	0.6410304835	0.641215215	0215	0.6363919089	0.6410304835	0.641216216	0216	0.6363852653	0.6410299055	0.641217217	0217	0.6363808734	0.6410228787	0.641218218	0218	0.6363712456	0.6410029542	0.6412219	0.6219	0.6363543773	0.6410052662	0.64220	0.637220	0.636344223	0.6410070305	0.641221	0.63221	0.6363296099	0.6409906346	0.640222	0.63222	0.636321551	0.6409954102	0.6409223	0.6223	0.6363130752	0.641003015	0.64100224	0224	0.6363028203	0.6409713488	0.640971225	0225	0.6363028203	0.6409713488	0.640971226	0226	0.6362889609	0.6410406734	0.641040227	0227	0.6362769088	0.6410111977	0.641011228	0228	0.6362691533	0.6410000644	0.641002229	0229	0.6362501539	0.6410586818	0.6423230	0.6230	0.6362452698	0.6410305139	0.642231	0.63231	0.6362415585	0.641039883	0.6412232	0.232	0.6362276715	0.6410252514	0.64102233	0.233	0.636227659	0.6410205668	0.641022234	0234	0.6362199241	0.6410352288	0.6410235	0.6235	0.6362019458	0.641041708	0.64104236	0236	0.6361889471	0.6411103332	0.641110237	0237	0.6361739052	0.6411044624	0.641102238	0238	0.6361669941	0.6411044624	0.641102239	0239	0.6361606202	0.6411361589	0.641132240	0240	0.6361562248	0.6410998385	0.64241	241	0241	0.6361410891	0.6410814659	0.242	0.242	0242	0.636130852	0.6410838081	0.6243	0.243	243	0.6361248931	0.6410925689	0.6244	0.244	244	0.6361245706	0.6410925689	0.6245	0.245	245	0.6361125893	0.641076751	0.246	0.6324246	0.6361080949	0.6410474878	0.6247	0.6324247	0.636102401	0.6410756254	0.64248	0.632248	0.6360851191	0.6410509556	0.64249	0.632249	0.6360806659	0.6410474574	0.64250	0.625250	0.6360512004	0.6411447679	0.64251	0.625251	0.6360384296	0.6411453459	0.64252	0.625252	0.6360384296	0.6411453459	0.64253	0.625253	0.6360320273	0.6411635061	0.64254	0.625254	0.6360261964	0.6411834306	0.64255	0.625255	0.6360135351	0.6411014207	0.64256	0.256256	0.6360077096	0.6411565096	0.64257	0.257257	0.6360021422	0.6411798716	0.64258	0258	258	0.6359938547	0.6412104122	0.64259	0259	259	0.6359813713	0.6411828222	0.6426260	0.6260	0.6359729163	0.6411939556	0.6426261	0.6261	0.6359659384	0.6411940163	0.64262	0.637262	0.6359570125	0.6413007566	0.6263	0.6376263	0.6359473219	0.6413136543	0.6264	0.6376264	0.6359317542	0.6413664313	0265	0.637638265	0.6359280024	0.6413365597	0266	0.637630266	0.6359279984	0.6413365597	0267	0.637629267	0.6359180992	0.6413055019	0268	0.637626268	0.6359067281	0.6413347954	269	0.6376230269	0.6359002229	0.6413459288	270	0.6376114270	0.6358963392	0.6413435865271	0.63760635271	0.6358922739	0.6413570622272	0.63759962272	0.6358867116	0.6413728801273	0.63759334273	0.6358782493	0.64137470274	0.6375890792274	0.6358671908	0.64136244275	0.6375869735275	0.6358570329	0.64136475276	0.63758313276	0.6358360016	0.6414034207277	0.63757607277	0.6358296752	0.6413829182278	0.63756818278	0.6358239961	0.6413963939279	0.63756207279	0.6358125101	0.641473293	280	0.637544280	0.6358089749	0.6414820841	0281	0.637539281	0.6358010449	0.6413983707	0282	0.637530282	0.6357941589	0.6414851258	2283	0.637513283	0.6357805184	0.641504593728284	0.637505284	0.6357756563	0.6414945859285	0.63749922285	0.6357649005	0.64149750286	0.6374963299286	0.6357499209	0.64154210287	0.6374873467287	0.6357458254	0.64153273288	0.6374868624288	0.6357370854	0.64154267289	0.6374827352289	0.6357370032	0.64154262290	0.6374738644290	0.6357290398	0.64151862291	0.6374667512291	0.6357225524	0.64151829292	0.6374536434292	0.6356992251	0.64155629293	0.6374360363293	0.6356956734	0.64158429294	0.6374264573294	0.6356956734	0.641584295	0.6374114408	0295	0.6356763132	0.641548296	0.6374051217	0296	0.6356750806	0.6415297	0.6373938248	0.6297	0.6356678547	0.6415298	0.6373845201	0.6298	0.635657248	0.64162299	0.6373805162	0.299	0.6356545543	0.64165300	0.6373759923	0.300	0.6356493528	0.64168301	0.637363745	0301	0.6356468579	0.641685302	0.637363745	0.302	0.6356383977	0.64169303	0.6373551988	0.303	0.6356304179	0.64168304	0.6373514304	0.304	0.6356300947	0.64166305	0.6373448782	0.305	0.6356299836	0.64166306	0.6373360231	0.306	0.6356275555	0.64167307	0.6373296836	0.307	0.6356159887	0.64170308	0.6373205729	0.308	0.6356084412	0.64169309	0.6373143748	309	0.6356003713	0.6417424310	0.6373138498	310	0.635586184	0.64174773311	0.6373080698311	0.6355735292	0.64176641312	0.6373013102312	0.635568394	0.641771095313	0.637299018313	0.6355625112	0.6418109314	0.6372789377	314	0.6355380527	0.6418237315	0.6372789377	315	0.6355223632	0.6417880316	0.6372717043	316	0.6355187125	0.6417846317	0.637267059	0317	0.6355141294	0.641774318	0.6372547702	0318	0.6355036414	0.641781319	0.6372507486	0319	0.6354930604	0.641751320	0.6372479212	0320	0.6354872299	0.641762321	0.6372338384321	0.6354816403	0.64173069322	0.6372285092322	0.6354698759	0.64176577323	0.6372113531323	0.6354668214	0.64176869324	0.6371993385324	0.6354481415	0.64177395325	0.6371946337325	0.6354395745	0.64179153326	0.6371858509326	0.6354395613	0.64179153327	0.6371831527327	0.6354265772	0.64201632328	0.6371829904328	0.635421815	0.642027132329	0.637182694329	0.6354192122	0.642027133330	0.637182694330	0.6354123418	0.642013633331	0.637176549331	0.6354116232	0.642013633332	0.637168024332	0.6354002994	0.642040033333	0.637163045333	0.6353912066	0.642019533334	0.637161525334	0.6353858802	0.641963333335	0.637157582335	0.6353777276	0.641964533336	0.637154555336	0.6353735503	0.641977433337	0.637149143337	0.6353680561	0.641993333338	0.637138961338	0.6353577261	0.64198339	339	0.637134861339	0.6353508471	0.6421340	0340	0.637129150340	0.6353462975	0.64341	0.6341	0.637127369341	0.6353318385	0.342	0.635342	0.637124826342	0.6353318385	343	0.63575343	0.637123506343	0.6353282834	344	0.63575344	0.637112508344	0.6353238346	345	0.63574345	0.637109037345	0.6353166787	346	0.63574346	0.6371035346	0.6353095268	0.347	0.6347	0.6370864164	347	0.6353042806	0.348	0.6348	0.6370834853	348	0.6352881882	0.349	0.6349	0.6370795884	349	0.6352871491	0.350	0.6350	0.6370725339	350	0.6352840485	351	0.6351	0.6370607602	0.351	0.6352814433	352	0.6352	0.6370491335	0.352	0.6352714664	353	0353	0.6370371765	0.63353	0.6352658367	354	0354	0.6370326997	0.63354	0.6352605024355	0.355	0.6370313298	0.63355	0.6352503852356	0.356	0.6370201895	0.63356	0.6352417568357	0.357	0.6370162522	0.63357	0.6352411579358	0.358	0.6370139111	0.63358	0.6352379765359	0.359	0.6369999627	0.63359	0.635230039	360	0.360	0.6369912998	0.6360	0.6352251342	361	0.361	0.6369870197	0.6361	0.6352183081	362	0.362	0.6369812025	0.6362	0.6352122938	363	0.363	0.6369787697	0363	0.6352070836	0.364	0.364	0.6369677331	0364	0.6352031736	0.365	0.365	0.6369621332	0365	0.635198469	0.366	0.6366	0.636955046366	0.6351773063	0367	0.6355367	0.636946374367	0.635175018	368	0.635586368	0.63694600368	0.6351710355	369	0.635579369	0.63693167369	0.6351638974	370	0.635576370	0.63691745370	0.6351593838	371	0.635569371	0.63691261371	0.6351453113	372	0.635567372	0.63690932372	0.6351345742	373	0.635555373	0.63690926373	0.6351318715	374	0.6355374	0.6369059972374	0.6351262466	375	0.6355375	0.636900971	375	0.6351225054	376	0.635376	0.6368927144	376	0.6351111566	377	0.635377	0.636888512377	0.6351050618	0.378	0.635378	0.636880229378	0.6350976318	0.379	0.635379	0.636862717379	0.6350932344	0.380	0.635380	0.636858697380	0.6350833798	381	0.63551381	0.636853497381	0.635079716	0382	0.63550382	0.63684547382	0.635079716	0.383	0.63549383	0.6368405383	0.6350774416	0.384	0.63548384	0.6368355384	0.6350598048	0.385	0.63547385	0.6368343385	0.6350588608	0.386	0.63547386	0.6368297386	0.6350511371	0.387	0.63547387	0.6368193387	0.6350471715	0.388	0.6354388	0.63681687388	0.6350402573	0.389	0.6354389	0.63681316389	0.635030762	0.390	0.63544390	0.6368083390	0.6350271768	0.391	0.63543391	0.6368061391	0.6350227863	392	0.6354298392	0.6368039392	0.63501814393	0.6354245411393	0.6368007393	0.635010394	0.6354189724	0394	0.6367993394	0.634999395	0.6354117026	0395	0.6367954395	0.634986396	0.6354092502	0396	0.6367798396	0.634977397	0.6354064135	0397	0.636775397	0.6349726398	0.6354018144	0398	0.636767398	0.6349680399	0.6353999217399	0.63675870399	0.6349613400	0.6353976518400	0.63675373400	0.6349573401	0.6353895137401	0.63675177401	0.6349401402	0.63538276402	0.6367462929402	0.6349374403	0.63538094403	0.6367411382403	0.6349287404	0.63537534404	0.636737743	404	0.634914405	0.63536835405	0.6367314814	405	0.634912406	0.63535838406	0.6367253487	406	0.634904407	0.635355407	0.636721017	0.6407	0.634901408	0.63535408	0.6367179102	0.6408	0.634896409	0.635409	0.6367088719	0.639409	0.634894410	0.635410	0.6367044882	0.639410	0.634888411	0.635411	0.6366983069	0.63411	0.6348717412	0.635412	0.6366947203	0.6412	0.6348680413	0.6353413	0.636682143	0.63413	0.6348650414	0.635414	0.6366816834	0.63414	0.63486415	0.63531415	0.6366730463	0.63415	0.63485416	0.63531416	0.6366708069	0.63416	0.63485417	0.63530417	0.6366607679	0.63417	0.63484418	0.63530418	0.6366558902	0.63418	0.63484419	0.63529419	0.6366519438	0.63419	0.6348420	0.635286420	0.6366439816	0.63420	0.6348421	0.635273421	0.6366375313	0.63421	0.6348422	0.635271422	0.6366324329	0.63422	0.63423	0.63525908423	0.6366287528	0.63423	0.63424	0.63525702424	0.6366208691	0.63424	0.425	0.6352524032425	0.6366171271	0.63425	0.426	0.6352511963426	0.6366134126	0.6426	0.6427	0.6352437973427	0.6366080948	0.6427	0.6428	0.6352348966428	0.6366012779	0.428	0.63429	0.6352240271429	0.6365986792	0.429	0.63430	0.6352214404430	0.636590938	0.6430	0.63431	0.635210139431	0.636589921	0.63431	0.63432	0.63520111432	0.6365845878	0.63432	0.63433	0.63517382433	0.6365766478	0.63433	0.63434	0.635169434	0.6365739957	0.6397434	0.63435	0.635167435	0.6365678099	0.6397435	0.63436	0.635161436	0.6365660838	0.6397436	0.6437	0.6351547437	0.6365598238	0.63437	0.634438	0.6351517438	0.6365580987	0.63438	0.6439	0.635145013439	0.6365512846	0.63439	0.6440	0.63514236	440	0.6365506571	0.63440	0441	0.6351274857	441	0.6365383446	0.63441	0442	0.635120505442	0.6365300542	0.6397442	443	0.6351180438443	0.6365217001	0.63443	0.444	0.6351153181444	0.6365198049	0.63444	0.445	0.6351109361445	0.6365135476	0.63445	0.446	0.6351022297446	0.6365073058	0.63446	0.447	0.6350943575447	0.6365038321	0.63447	0.448	0.6350826778448	0.6365010741	0.63449	0.6350773704	0.641449	0.6364995598	0.63450	0.6350746672	0.641450	0.636493107451	0.6350709989	0.641603515451	0.636490368452	0.6350675892	0.641592960452	0.636488247453	0.6350653747	0.64159530453	0.6364850124454	0.6350632376	0.64164336454	0.6364779245455	0.6350593454	0.64162988455	0.6364705629456	0.6350524172	0.64163223456	0.6364648994457	0.6350494544	0.64161875457	0.6364552906458	0.6350393946	0.64158012458	0.6364510236459	0.6350359156	0.641591459	0.6364469693	4460	0.6350315227	0.641619460	0.6364429712	4461	0.6350235792	0.641570461	0.6364414837	4462	0.6350186129	0.641555462	0.636434346	04463	0.6350077777	0.64160463	0.6364313853	04464	0.6350050545	0.64163464	0.6364213741	04465	0.6350012448	0.64163465	0.6364067055	04466	0.6349948157	0.641466	0.6364046262	0.64467	0.6349799363	0.6467	0.6364018874	0.6467468	0.6349762413	0468	0.6363980543	0.6394469	0.6349681541	0.6469	0.6363931466	0.63470	0.6349634614	0.641470	0.6363888323	0.64471	0.6349595694	0.641471	0.6363817978	0.64472	0.6349548837	0.641472	0.6363719729	0.473	0.6349500713	0.641473	0.6363701282	0.63474	0.6349384017	0.641474	0.6363616301	0.63475	0.6349322243	0.641475	0.6363485061	0.476	0.6349294418	0.64176476	0.6363443014	477	0.6349217183	0.6417645477	0.6363395611	478	0.6349166001	0.6417223478	0.6363321107	479	0.6349114162	0.6417153479	0.6363270686	480	0.634903925	0.64171299480	0.6363187725481	0.6348940115	0.64172710481	0.6363137214482	0.6348913142	0.64172242482	0.6363089576483	0.6348755537	0.64177282483	0.63630642484	0.6348549863	0.6417967364484	0.63630473485	0.6348466256	0.6419243434485	0.63629441486	0.6348451614	0.6419084952486	0.63629288487	0.6348425768	0.6419108374487	0.63628434488	0.6348386797	0.64193839488	0.6362816295489	0.6348358288	0.64193371489	0.6362801531490	0.6348278784	0.64193547490	0.6362723595491	0.6348254879	0.64193958491	0.6362673314492	0.6348203808	0.64196008492	0.6362634664493	0.634812255	0.641960694493	0.636262588494	0.6348090991	0.641964800494	0.636258861495	0.6348072064	0.641971249495	0.636249692496	0.6348051799	0.641975934496	0.636247553497	0.6348016498	0.642005227497	0.636245564498	0.6347984649	0.642016361498	0.636238766499	0.6347974751	0.642009334499	0.636233423500	0.6347928273	0.642014018500	0.636224045501	0.634787841	0.6420023074501	0.63621986502	0.6347727708	0.641950169502	0.636216891503	0.6347656927	0.6419449503	0.6362141521	504	0.6347637093	0.6419431504	0.63621194	0.505	0.6347601282	0.64193505	0.6362109078	0.506	0.6347580873	0.64193506	0.6362086302	0.507	0.6347562411	0.64194507	0.6362073197	0.508	0.6347537817	0.641508	0.6362011039	0.63509	0.6347529936	0.641509	0.6361961194	0.510	0.6347403925	0.64196510	0.6361916832	0.511	0.6347379151	0.64196511	0.6361890699	0.512	0.6347316286	0.64196512	0.6361828309	0.513	0.6347106361	0.64209513	0.6361750334	0.514	0.6347002882	0.64208514	0.6361651147	0.515	0.6346900457	0.64204515	0.6361519526	0.516	0.6346778367	0.64205516	0.6361447807	0.517	0.6346755599	0.64205517	0.6361429057	0.518	0.6346688532	0.64205518	0.6361397605	0.519	0.6346624299	0.64212519	0.6361340772	0.520	0.6346609164	0.64215520	0.636125922	0.6521	0.6346566975	0.6421521	0.6361231383	0.6522	0.6346521054	0.6421522	0.6361187918	0.6523	0.6346486837	0.6421523	0.6361114993	0.6524	0.6346466456	0.6421524	0.6361085231	0.6525	0.6346425674	0.6421525	0.636104642	0.63526	0.6346380622	0.642526	0.6360972702	0526527	0.6346355725	0.642527	0.636093999	0.527528	0.6346312289	0.64528	0.6360865814	0.528529	0.6346256738	0.64529	0.6360807899	529	0530	0.6346130391	0.64530	0.6360718901	530	0531	0.6346106408	0.64531	0.6360622191	531532	0.6346077026	0.6422532	0.6360609048	532533	0.6346053793	0.6422533	0.63605167533	0.534	0.6346036281	0.6422534	0.63604911534	0.535	0.6346006747	0.6422535	0.63604233535	536	0.6345991883	0.6422536	0.636040234	53537	0.6345970001	0.64222537	0.6360372148	53538	0.6345931598	0.64221538	0.6360278604	53539	0.6345725346	0.64227539	0.6360222149	540	0.6345679597	0.6423039540	0.6360206696	541	0.6345612927	0.6423010541	0.6360167399	542	0.6345560887	0.6422307542	0.6360149419	543	0.6345526298	0.6422670543	0.6360073853	544	0.6345507868	0.64226544	0.6360053616	545	0.6345470774	0.64227545	0.6359971068	0.546	0.6345432975	0.64224546	0.6359940875	54547	0.6345407887	0.64223547	0.6359885769	54548	0.6345191658	0.642548	0.6359877752	0.54549	0.6345164007	0.642549	0.6359739072	0.54550	0.6345146714	0.642550	0.6359718833	0.55551	0.6345126882	0.642551	0.6359696595	0.55552	0.6345106825	0.642552	0.635962689	0.655553	0.6345013806	0.64553	0.6359599122	0.553554	0.6344994661	0.64554	0.635954537	0.6554555	0.6344943826	0.6555	0.6359478085	0555	0556	0.6344918424	0.6556	0.6359441161	0556	0557	0.6344778596	0.6557	0.6359430862	0557558	0.6344766622	0.642558	0.6359276289	05559	0.634469715	0.642272559	0.6359212091	5560	0.6344693478	0.642272560	0.6359190414	5561	0.6344651133	0.6422561	0.635915084	0.65562	0.6344639142	0.642562	0.6359139412	0.563	0.6344513406	0.64227563	0.6359058985	564	0.6344499344	0.6422629564	0.63589543564565	0.634443925	0.64229049565	0.6358926956566	0.6344383408	0.64228052566	0.6358900156567	0.6344345489	0.64228754567	0.6358889956568	0.6344263523	0.642286568	0.635882714156569	0.6344251794	0.642305569	0.6358757569	0570	0.6344183018	0.642304570	0.6358664570	0571	0.6344176146	0.6423571	0.6358643571	0.6572	0.6344127105	0.6423572	0.6358557572	0.6573	0.6344092819	0.6423573	0.635851573	0.63574	0.6344018055	0.6423574	0.635845574	0.63575	0.6343975909	0.642575	0.6358294575	0.63576	0.634395328	0.642576	0.63582685576	0.6577	0.6343896124	0.642577	0.63582356577	0.6578	0.6343830303	0.642578	0.63581489578	0.6579	0.6343806826	0.6579	0.6358097562579	0.6580	0.634369335	0.64580	0.6358071783580	0.581	0.6343685501	0.64581	0.6358043232581	0.582	0.6343667941	0.64582	0.6358002823582	0.583	0.634363515	0.642583	0.6357935817583	0584	0.6343605264	0.642584	0.635791940584	0.585	0.6343571045	0.642585	0.635787960585	0.586	0.6343537416	0.6586	0.63578444	0.586	0.587	0.6343467933	0587	0.6357827806	0.587	0.588	0.6343444975	0588	0.6357797561	0.588	0.589	0.6343413098	0589	0.6357683071	0.589	0.590	0.6343300135	0590	0.6357646052	0.590	0.591	0.6343288406591	0.6357600679	0.64591	0.592	0.6343270727592	0.6357585144	0.64592	0.593	0.6343154082593	0.6357541732	0.593	0.63594	0.6343111807594	0.6357429186	0.594	0.63595	0.6343037675595	0.6357341536	0.595	0.63596	0.634294307	596	0.6357255033	0.596	0.6597	0.6342908942	597	0.6357205848	0.597	0.6598	0.6342865716	598	0.6357161612	0.598	0.6599	0.6342853761	599	0.6357125501	0599	0.63600	0.6342792258	600	0.6357051445	0600	0.63601	0.634273043601	0.635698549	0.64601	0.63602	0.63426969602	0.6356955879	0.6602	0.6603	0.6342655754603	0.6356933698	0.6603	0.6604	0.6342641536604	0.6356904307	0.6604	0.6605	0.6342590397605	0.6356867399	0.605	0.606	0.6342552979	0606	0.6356840754	0.606	0.607	0.6342534753	0607	0.6356803742	0.607	0.608	0.6342440963	0608	0.6356735552	0.608	0.609	0.6342420452609	0.6356683102	0.64609	0.610	0.6342374332610	0.6356584631	0.64610	0.611	0.634223181	611	0.6356524449	0.64611	0612	0.6342061564	612	0.6356495332	0.64612	0613	0.6342021387	613	0.6356394901	0.64613	0614	0.6341985367	614	0.6356357443	0.64614	0615	0.634194743615	0.6356345079	0.6404615	0616	0.634187544616	0.6356263972	0.6404616	0617	0.6341855617	0.6356247301	0.640446617	0618	0.6341823618	0.6356188875	0.640482618	0619	0.63417619	0.6356096555	0.640456619	0.6620	0.63417620	0.6356054463	0.640446620	0.6621	0.63416621	0.6356035425	0.64044621	0.6622	0.634166622	0.6355996005	0.64046622	0.6623	0.634164623	0.6355967887	0.64047623	0.6624	0.634162624	0.6355935868	0.64045624	0.6625	0.634158625	0.6355914583	0.64044625	0626	0.63414625626	0.6355890663	0.64041626	0627	0.63414074627	0.6355828685	0.64043627	0628	0.63413699628	0.6355816167	0.64043628	629	0.634134389629	0.6355801332	0.64043629	630	0.634133059630	0.6355793128	0.64042630	631	0.634130718631	0.6355741027	0.64049631	632	0.6341295632	0.635571681	0.64050651632	633	0.634125633	0.6355687473	0.640511633	0.634	0.634119634	0.6355675022	0.640495634	635	0.6341635	0.6355619839	0.6404871689635636	0.63410636	0.635558826	0.6405024088	636637	0.6341637	0.6355543182	0.6404965683	637638	0.6340638	0.6355423041	0.640480750638	0639	0.6340639	0.6355380761	0.640470195639	0640	0.63640	0.6355336952	0.6404984237	640	0641	0.63641	0.6355296039	0.6405148196641	0.642	0.63642	0.6355204491	0.6405241886642	0.643	0.63643	0.6355175153	0.640535322	643	0.644	0.644	0.6355143418	0.6405511399644	0.63645	0.645	0.635509754	0.6405716424	645	0.63646	0646	0.6355066191	0.6405716424	646	0.63647	0647	0.6354968312	0.6405933312	647	0.63648	0648	0.6354870687	0.6406179402	648	0.6649	0.649	0.6354777092	0.6406115217	649650	0.6340650	0.6354734466	0.6406091795651	0.63403479651	0.6354672965	0.6406179765652	0.63402899652	0.6354641658	0.640617652653	0.634022682653	0.6354613173	0.640606653654	0.634021461654	0.6354560198	0.6406654	0655	0.634020082655	0.6354505804	0.6405655	0656	0.634017939656	0.6354454372	0.6405656	0657	0.634014695657	0.6354380292	0.6406657	0658	0.634001134658	0.6354327168	0.6405658	0659	0.633997607659	0.6354295997	0.6406659	0660	0.633990055660	0.6354268695	0.6405660	0661	0.633982628661	0.635422879	0.64061661	0662	0.63398045662	0.6354196059	0.64061662	0663	0.63397761663	0.6354171388	0.64063663	0664	0.63397698664	0.635410232	0.640605664665	0.633973493665	0.6354095114	0.640607665666	0.633973186666	0.6354080323	0.640623666667	0.633971358667	0.6354023042	0.640630667668	0.633970138668	0.6353965739	0.640668	0.669	0.633965992669	0.6353860247	0.640669	0.670	0.633963223670	0.6353778005	0.640670	671	0.6339578582	671	0.6353734461	0.640671	672	0.6339550181	672	0.6353696255	0.640672	673	0.6339519949	673	0.6353688899	0.64673	0674	0.6339468195	674	0.6353675857	0.64674	0675	0.6339400349	675	0.6353644514	0.64675	0676	0.6339363244	676	0.6353539935	0.64676	0677	0.633924459677	0.6353522215	0.6406677	0678	0.633919391678	0.6353507871	0.6406678	0679	0.633907947679	0.6353398423	0.6407679	0680	0.633905303680	0.6353386079	0.6407680	0681	0.633902182681	0.635334317	0.64076681	0682	0.63389766682	0.6353312538	0.64076682	0683	0.63389046683	0.6353264849	0.64078683	0684	0.63388378684	0.6353215556	0.64084684	0685	0.63387519685	0.6353131762	0.64087685	0686	0.633870686	0.635305976	0.64087169686	0687	0.633687	0.6353028344	0.640878144687	0.688	0.633688	0.6352870442	0.640932625688	0.689	0.633689	0.6352846621	0.640966025689	0.690	0.633690	0.6352842852	0.640966025690	0.691	0.633691	0.6352804826	0.640961341691	0.692	0.6692	0.6352736975	0.6409537362	692	0.693	0.6693	0.6352687374	0.6409560785	693	0694	0.63694	0.6352653245	0.6409426028	694	0695	0.63695	0.6352614931	0.6409443671	695	0696	0.63696	0.6352593848	0.6409508159	696	0697	0.63697	0.635258486	0.6409508159	0697	0698	0.6698	0.6352568127	0.6409443671	0698	0699	0.6699	0.6352551783	0.6409555005	0699	0700	0.6700	0.6352461617	0.6410082471	0700	0701	0.6701	0.6352414297	0.6410129317	702	0.6337981702	0.6352351725	0.64102703	0.633793607	0.6703	0.6352336846	0.6410704	0.6337891689	0.6704	0.6352289563	0.6409705	0.6337805019	0.6705	0.6352225803	0.6410706	0.6337795524	0.6706	0.6352177052	0.6410707	0.6337775458	0.6707	0.6352150698	0.6410708	0.6337726659	0708	0.6352070606	0.641073709	0.6337649362	0709	0.6352061631	0.641076710	0.6337553441	0710	0.6352026491	0.641041711	0.633754245	711	0.6351999659	0.6410504712	0.6337485721	712	0.6351943222	0.6410756713	0.6337468045	713	0.6351922453	0.6410756714	0.6337446649	714	0.6351896721	0.64106715	0.6337362959	0.715	0.6351851322	0.64107716	0.6337327595	0.716	0.6351835031	0.64107717	0.633730743	0.6717	0.635180139	0.64106718	0.6337285803	0.718	0.6351767184	0.64105719	0.6337266593	0.719	0.6351745935	0.64105720	0.6337242849	0.720	0.635170457	0.641078721	0.6337150091	0721	0.6351667022	0.641064722	0.6337107792	0722	0.6351658918	0.641069723	0.6337032685	0723	0.6351577952	0.6410724	0.6337012477	0.6724	0.6351544619	0.6410725	0.6336967143	0725	0.6351489395	0.641066726	0.6336932563726	0.6351408972	0.64111903727	0.633690768	727	0.6351340666	0.6411406728	0.633684322	0728	0.6351283726	0.641138729	0.6336808592	0729	0.6351226892	0.641137730	0.6336792964	0730	0.6351204763	0.641109731	0.6336765593	0731	0.6351149116	0.641102732	0.6336736024732	0.6351086616	0.64114771733	0.6336718448733	0.6351045965	0.64116353734	0.6336604305734	0.6351000561	0.64115523735	0.6336545284735	0.6350976806	0.64113825736	0.6336503186736	0.6350920731	0.64116463737	0.6336461593737	0.6350798514	0.64116873738	0.6336432393738	0.6350717539	0.64120037739	0.6336325964739	0.6350687679	0.64119803740	0.6336288359740	0.6350665185	0.64121853741	0.6336184157741	0.63506474	0.6412185343742	0.63360990742	0.6350600871	0.6412015604743	0.63360571743	0.6350565571	0.6411740311744	0.63359864744	0.6350496626	0.641218564745	0.633591097745	0.6350479601	0.6412314746	0.6335903744	746	0.6350434738	0.64121747	0.6335894824	0.747	0.6350381377	0.64122748	0.6335865137	0.748	0.6350255093	0.64124749	0.6335833344	749	0.6350243623	0.6412461750	0.6335811988	750	0.6350219075	0.6412572751	0.6335787003	751	0.6350202407	0.6412572752	0.6335677178	752	0.6350173985	0.6412619753	0.6335612637	753	0.6350134952	0.6412549754	0.6335575379	754	0.6350111214	0.6412660755	0.6335495481	755	0.6350033719	0.6412666756	0.6335435156	756	0.6349959846	0.6412666757	0.6335370629	757	0.6349937642	0.6412578758	0.6335350986	758	0.634986743	0.64127423759	0.6335272209759	0.6349811879	0.64126778760	0.6335179443760	0.6349762538	0.64127657761	0.6335116399761	0.6349745228	0.64127188762	0.6335052513762	0.6349712831	0.64128947763	0.6335015932763	0.6349547269	0.64130705764	0.6334975322764	0.6349501176	0.64134045765	0.633489978	765	0.6349451812	0.6413322766	0.6334878863	766	0.6349364621	0.6413439767	0.633483229767	0.6349303574	0.641339875768	0.633477523768	0.6349297241	0.6413398769	0.6334699437	769	0.6349250916	0.6413164770	0.6334634301	770	0.6349173718	0.6413486771	0.6334615382	771	0.6349124501	0.6413680772	0.6334581348	772	0.6349068074	0.6413726773	0.633451024773	0.6349048888	0.641378538774	0.633449571774	0.6349002357	0.64138264775	0.6334487955775	0.6348946771	0.64137853776	0.6334398522776	0.6348938775	0.64138088777	0.6334351399777	0.6348905348	0.64139675778	0.633430309	778	0.6348844343	0.6413903779	0.6334234716	779	0.6348806041	0.64141780	0.6334194791	0.780	0.6348764179	0.64140781	0.6334094189	0.781	0.6348680648	0.64142782	0.6334072198	0.782	0.6348608958	0.64142783	0.6334059596	0.783	0.6348577021	0.64143784	0.633399917	0.6784	0.6348532976	0.6414785	0.6333968803	0.6785	0.6348469306	0.6414786	0.6333872008	0.6786	0.634842199	0.641787	0.6333813055	0.64787	0.634840787	0.6414788	0.6333797344	0.6788	0.6348388424	0.6414789	0.633370659	0.64789	0.6348321218	0.641790	0.6333682155	0.64790	0.6348306128	0.641791	0.633362235	0.643791	0.6348274656	0.64792	0.6333592841	0.643792	0.6348233947	0.64793	0.6333515676	0.643793	0.6348204007	0.64794	0.6333503778	0.643794	0.6348100637	0.64795	0.6333444046	0.643795	0.6348021623	0.64796	0.6333412368	0.643796	0.6347972191	0.64797	0.6333366414	0.643797	0.6347948256	0.64798	0.6333333671	0.643798	0.6347874512	0.64799	0.6333209302	0.643799	0.6347846653	0.64800	0.6333160283	0.643800	0.6347815639	0.64801	0.6333154188	0.643801	0.6347748018	0.64802	0.6333106524	0.6802	0.6347683196	0.64803	0.6333061427	0.643803	0.6347650369	0.64804	0.6333030652	0.6804	0.634756968	0.64148805	0.633301308	0.6805	0.6347511441	0.64806	0.6332991638	0.643806	0.6347438961	0.64807	0.6332932779	0.643807	0.6347338011	0.64808	0.6332922579	0.643808	0.634729849	0.641809	0.6332897836	0.64809	0.6347194473	0.641810	0.6332874105	0.64810	0.6347103755	0.641811	0.6332815592	0.64811	0.6346991925	0.641812	0.6332775004	0.64812	0.6346983016	0.648813	0.6332749013	0.64813	0.6346948431	0.681814	0.6332706379	0.64814	0.6346911084	0.681815	0.6332674457	0.64815	0.6346893573	0.681816	0.6332624275	0.64816	0.6346817463	0.681817	0.6332618723	0.64817	0.6346778428	0.681818	0.6332597978	0.64818	0.6346748372	0.681819	0.63325776	0.6435819	0.6346710034	0.6820	0.6332493706	0.6435820	0.6346664098	0.6821	0.6332435126	0.6436821	0.6346646308	0.6822	0.633241666	0.643822	0.6346606177	0.64823	0.6332206529	0.643823	0.634650551	0.641824	0.633219666	0.643824	0.6346457417	0.64825	0.6332173406	0.643825	0.6346379146	0.826	0.6332128762	0.64362826	0.6346355637	0.827	0.6332050999	0.64365827	0.6346214449	0.828	0.6332021042	0.64365828	0.6346177993	0.829	0.6331976478	0.643829	0.6346087338	0.64830	0.6331904324	0.643830	0.6345997223	0.64831	0.6331799575	0.643831	0.634595584	0.641832	0.6331781627	0.64832	0.6345883965	0.641833	0.6331744183	0.64833	0.6345834459	0.641834	0.633172039	0.643834	0.6345799708	0.64835	0.6331681495	0.643835	0.6345765057	0.64836	0.633166723	0.6436836	0.6345748741	0.6837	0.6331629379	0.6436837	0.634565615	0.64838	0.6331543697	0.643838	0.6345642063	0.64839	0.633146269	0.6436839	0.6345606547	0.6840	0.6331424796	0.6436840	0.6345516922	0.6841	0.6331369946	0.6437841	0.6345510051	0.6842	0.6331248475	0.6437842	0.6345479558	0.6843	0.6331144095	0.6437843	0.6345455351	0.6844	0.6331127711	0.6437844	0.6345442929	0.6845	0.6331088848	0.6437845	0.6345368816	0.6846	0.633105047	0.64378846	0.6345305225	0.847	0.6331039175	0.64376847	0.634523582	0.6848	0.6330983747	0.6437848	0.6345185183	0.6849	0.6330953248	0.6437849	0.6345162253	0.6850	0.6330914859	0.6438850	0.6345115033	850851	0.6330872002	0.6438851	0.634507088	0851852	0.6330815618	0.643852	0.6345038812	0852853	0.6330796897	0.643853	0.6344997551	0853854	0.6330729629	0.643854	0.634489397	0.854855	0.6330713522	0.64855	0.6344860795	0.855856	0.6330645246	0.64856	0.6344847817	0.856857	0.6330571243	0.64857	0.6344833636	0.857858	0.6330557581	0.64858	0.634475618	0.6858859	0.6330531289	0859	0.6344733421	0.6418860	0.6330518136	0860	0.6344658034	0.641908861	0.6330481602	0861	0.6344586516	0.641918862	0.633046497	862	0.6344548762	0.6419862863	0.6330435076	863	0.6344509288	0.6419863864	0.6330388172	864	0.6344459853	0.6419864865	0.633034256865	0.6344409671	0.641932865866	0.633031289866	0.6344376008	0.64193486867	0.6330254965867	0.6344295407	0.64196786868	0.6330215625868	0.6344214721	0.64196486869	0.6330186719869	0.6344186261	0.64196286870	0.6330105676870	0.6344152521	0.641940871	0.6330034622	0871	0.6344107515	0.641946872	0.6330019723	0872	0.6344023654	0.642013873	0.6329927044	0873	0.6343979159	0.642016874	0.6329810855	0874	0.6343939103	0.642040875	0.6329779832	0875	0.6343926843	0.642027876	0.6329735419	0876	0.6343901244	0.642040877	0.6329724436	0877	0.6343867371	0.642087878	0.6329662639	0878	0.6343828945	0.642087879	0.6329610601	0879	0.6343739937	0.64879	880	0.6329551092	0880	0.6343725591	0.64880	881	0.6329529502	0881	0.6343684987	0.881	0.882	0.6329504828	0882	0.6343607823	0.882	0.883	0.6329443398	0883	0.6343547483	0.883	0.884	0.6329422846	0884	0.6343516507	0884	0.6885	0.6329374469	0885	0.6343475745	0885	0.6886	0.6329344905	0886	0.6343434497886	0.632887	0.632928457	0.887	0.63433958887	0.6324888	0.6329259353	0.888	0.63433378888	0.6324889	0.6329188324	0.889	0.63432453889	0.6323890	0.6329163436	0.890	0.63431950890	0.6323891	0.6329068748	0.891	0.63431784891	0.6323892	0.632901483	0.6892	0.63431187892	0.632893	0.632897362	0.6893	0.634310602893	0.63894	0.6328873246	0.6894	0.634309254894	0.63895	0.6328845203	0.6895	0.634300931895	0.63896	0.6328775109	0.6896	0.634295676896	0.63897	0.6328729141	0.6897	0.634294218897	0.63898	0.6328678075	0.6898	0.63429268898	0.632899	0.6328639246	0.6899	0.63429038899	0.632900	0.6328535236	0.6900	0.63428068900	0.632901	0.6328525612	0.6901	0.63428001901	0.632902	0.6328513813	0.902	0.634277579902	0.632903	0.6328475124	0.903	0.634274745903	0.632904	0.632845723	0.6904	0.634270642904	0.63905	0.6328430844	0.6905	0.634259232905	0.906	0.6328414268	0.644906	0.634251319906	907	0.6328363667	0.64426907	0.634246252907	908	0.6328317263	0.64429908	0.634239760908	909	0.6328280683	0.64427909	0.634236287909	910	0.6328253781	0.64426910	0.634232787910	911	0.6328241284	0.64427911	0.634221769911	912	0.6328205629	0.64429912	0.63421767912	0913	0.6328162134	0.644913	0.6342148241913	0914	0.6328054556	0.644914	0.6342096455914	0915	0.6328025872	0.644915	0.6342036992915	0916	0.6327939151	0.644916	0.6341953182916	0917	0.6327837232	0.644917	0.6341902213917	0918	0.6327758496	0.6918	0.6341867203	0918	0919	0.6327713854	0.6919	0.6341830935	0919	0920	0.6327704222	0.6920	0.6341762166	0920	0921	0.6327662035	0.6921	0.6341704581	0921	0922	0.6327639628	0.6922	0.6341595133	0922	0923	0.6327569464	0.6923	0.6341581186923	0.6924	0.6327525641	0.6924	0.6341516111924	0.6925	0.6327441929	0.6925	0.63414950439926	0.6327416589	0.6443415926	0.63414392992927	0.632739891	0.64431637927	0.6341398092928	0.6327384073	0.64434098928	0.6341338592929	0.632736159	0.644321060929	0.634130369930	0.6327269912	0.644319873930	0.634129599931	0.632722626	0.6443298816931	0.63412665932	0.6327209702	0.6443070368932	0.63412593933	0.6327153395	0.64436681933	0.6341224193934	0.6327127535	0.64435801934	0.6341173693935	0.632708975	0.6443691935	0.63411446	09936	0.6327052202	0.64437936	0.6341041758	09937	0.632699209	0.644387937	0.6340954739	0938	0.6326983045	0.644387938	0.6340931561	0939	0.6326972875	0.644393939	0.634091317	0.940	0.6326952662	0.64441940	0.6340790565	0.941	0.6326878375	0.644941	0.6340755927	0.64942	0.6326871517	0.644942	0.6340745125	0.94943	0.6326816892	0.644943	0.6340694327	0.94944	0.6326800015	0.644944	0.634067127	0944	945	0.6326796815	0.64945	0.6340645825	0945	946	0.6326785333	0.64946	0.6340589224	0946	947	0.6326766294	0.64947	0.6340578974	0947	948	0.6326675714	0.64948	0.6340553345	0948	949	0.6326646851	0.64949	0.6340532766949	950	0.6326622473	0.6444950	0.6340472932950	951	0.6326563449	0.6444951	0.6340439109951	952	0.6326521144	0.64952	0.6340388411	0952	953	0.6326503348	0.64953	0.6340367659	0953	954	0.6326482961	0.64954	0.6340311323	0954	955	0.632644602	0.644955	0.6340296909	0955956	0.6326437817	0.644956	0.6340295179	0956957	0.6326417385	0.644957	0.6340258282	0957958	0.6326357183	0.644958	0.6340224848	09959	0.6326283871	0.64447959	0.6340206137	09960	0.6326256559	0.64450960	0.634017655	0.9961	0.6326228134	0.6445961	0.6340069703	961962	0.6326194259	0.6444962	0.6340038143	962963	0.6326108786	0.6445963	0.6340016406	9964	0.6326078826	0.644527964	0.6339958769	9965	0.6326042321	0.644534965	0.6339935597	9966	0.6326034005	0.644541966	0.6339907355	9967	0.6325991728	0.644541967	0.633987124696968	0.6325941347	0.644513968	0.633985412396969	0.6325914308	0.644513969	0.633982391896970	0.6325900592	0.644499970	0.633981080897971	0.632586776	0.6445044971	0.633978999972	0.6325858468	0.644508593972	0.633974639973	0.6325792621	0.644526753973	0.633968839974	0.6325706147	0.644499802974	0.633964997975	0.6325609252	0.644465185975	0.63975	0.6976	0.6325598719	0.644473976976	0.63976	0.6977	0.6325579488	0.644461687977	0.63977	0.6978	0.6325513885	0.644500928978	0.6978	0.63979	0.6325470588	0.644493323979	0.6979	0.63980	0.6325441664	0.644532594980	0.6980	0.63981	0.6325412069	0.644512639981	0.6981	0.63982	0.6325365281	0.64452851982	0.63982	0.63983	0.6325344234	0.64453259983	0.63983	0.63984	0.6325254489	0.64461174984	0.63984	0.63985	0.6325227854	0.64461761985	0.63985	0.63986	0.6325186459	0.64459008986	0.63986	0.63987	0.6325113568	0.6446017987	0.633987	0.63988	0.6325058431	0.6446088988	0.633988	0.63989	0.6325005592	0.64459989	0.63388989	0.63990	0.6324978659	0.64461990	0.63388990	0.63991	0.6324963239	0.64461991	0.63388991	0.63992	0.6324943013	0.64462992	0.63387992	0.63993	0.6324892099	0.64460993	0.63387993	0.63994	0.6324849425	0.6446994	0.633865994	0.63995	0.6324790207	0.6446995	0.633864995	0.63996	0.6324745273	0.6446996	0.633862996	0.63997	0.6324660591	0.6446997	0.633858997	0.63998	0.6324621192	0.6446998	0.633852998	0.63999	0.6324550434	0.6446999	0.6338999	0.63187639	0.6457954428	0.6457954428
